<?xml version="1.0"?>
<application xmlns:xsi="http://www.w3.org/2001/XMLSchema-instance" xsi:noNamespaceSchemaLocation="http://www.m-files.com/schemas/appdef.xsd">
	<guid>084E30D3-5768-4B68-8118-DFACD4964C9C</guid>
	<name>State Change Validator</name>
	<version>1.0</version>
	<description>Application to prevent the state change for objects that are checked out.</description>
	<publisher>M-Files Corporation</publisher>
	<copyright>(c) M-Files Corporation 2012</copyright>
	<required-mfiles-version>9.0.3372.0</required-mfiles-version>
	<modules>
		<module environment="vaultcore">
			<file>main.js</file>
		</module>
	</modules>
</application>