﻿<?xml version="1.0" encoding="UTF-8"?>
<application xmlns:xsi="http://www.w3.org/2001/XMLSchema-instance" xsi:noNamespaceSchemaLocation="http://www.m-files.com/schemas/appdef.xsd">
	<guid>1A9552B3-C1C5-44b9-905F-D4ABAC5E7AE2</guid>	
	<name>Metadata Card Demo</name>
	<version>1.0</version>
	<description>A demonstration application for customized metadata card.</description>
	<publisher>M-Files Corporation</publisher>
	<copyright>(c) M-Files Corporation 2012</copyright>
	<required-mfiles-version>9.0.3372.0</required-mfiles-version>
	<modules>
		<module environment="shellui">
		    <file>UIControlLibrary\dashboardmanager.js</file>
			<file>main.js</file>
		</module>
	</modules>
	<dashboards>
		<dashboard name="MetadataCard" id="MetadataCard">	
			<content>metadatacard.html</content>
		</dashboard>
	</dashboards>
</application>