<?xml version="1.0"?>
<application xmlns:xsi="http://www.w3.org/2001/XMLSchema-instance" xsi:noNamespaceSchemaLocation="http://www.m-files.com/schemas/appdef.xsd">
	<guid>6219CF86-F9B5-4891-9142-1529F5CC964A</guid>
	<name>Vault Front Page</name>
	<version>1.0</version>
	<description>Vault front page application for demonstration purposes</description>
	<publisher>M-Files Corporation</publisher>
	<copyright>(c) M-Files Corporation 2012</copyright>
	<required-mfiles-version>9.0.3372.0</required-mfiles-version>
	<modules>
		<module environment="shellui">
			<file>main.js</file>
		</module>
	</modules>
	<dashboards>
		<dashboard id="front_page">	
			<content>frontpage.htm</content>
		</dashboard>
	</dashboards>
</application>