<?xml version="1.0"?>
<application xmlns:xsi="http://www.w3.org/2001/XMLSchema-instance" xsi:noNamespaceSchemaLocation="http://www.m-files.com/schemas/appdef.xsd">
  <guid>F101258B-FD65-4199-B22F-240B507C0DCC</guid>
  <name>Customized Home Screen</name>
  <version>1.0</version>
  <description>M-Files DMS Home Screen (Customized)</description>
  <publisher>M-Files Corporation</publisher>
  <copyright>(c) M-Files Corporation</copyright>
  <required-mfiles-version>10.0.3911.0</required-mfiles-version>
  <optional>false</optional>
  <modules>
    <module environment="shellui" event-priority="2147483647">
      <file>home.js</file>
    </module>
  </modules>
  <dashboards>
    <dashboard id="home">
      <content>home.htm</content>
      <trusted-content>http://www.m-files.com/</trusted-content>
    </dashboard>
    <dashboard id="home_right">
      <content>home_right.htm</content>
      <trusted-content>http://www.m-files.com/</trusted-content>
    </dashboard>
  </dashboards>
</application>
